Model,Accuracy,Precision,Recall,F1-Score,AUC
LSTM,0.7156862745098039,0.8461538461538461,0.5339805825242718,0.6547619047619048,0.7456983562433914
Bi-LSTM,0.7156862745098039,0.8461538461538461,0.5339805825242718,0.6547619047619048,0.7409401134288187
Bi-LSTM + Attention,0.7303921568627451,0.9,0.5242718446601942,0.6625766871165644,0.7317600692108045
