Model,Accuracy,Precision,Recall,F1-Score,AUC
Logistic Regression,0.5833333333333334,1.0,0.18269230769230768,0.3089430894308943,0.7194230769230768
SVM,0.5637254901960784,1.0,0.14423076923076922,0.25210084033613445,0.7188461538461538
KNN,0.6568627450980392,0.7297297297297297,0.5192307692307693,0.6067415730337079,0.7038461538461539
Random Forest,0.7254901960784313,0.8243243243243243,0.5865384615384616,0.6853932584269663,0.7321153846153846
Decision Tree,0.7156862745098039,0.8285714285714286,0.5576923076923077,0.6666666666666666,0.7297115384615385
Naive Bayes,0.5882352941176471,1.0,0.19230769230769232,0.3225806451612903,0.6199038461538461
