Model,Accuracy,Precision,Recall,F1-Score,AUC
LSTM,0.5980392156862745,0.6153846153846154,0.5436893203883495,0.5773195876288659,0.6468326444294914
Bi-LSTM,0.6470588235294118,0.6347826086956522,0.7087378640776699,0.6697247706422018,0.7408439873113524
Bi-LSTM + Attention,0.696078431372549,0.7662337662337663,0.5728155339805825,0.6555555555555556,0.7168124579448236
