Model,Accuracy,Precision,Recall,F1-Score,AUC
LSTM,0.5392156862745098,0.5398230088495575,0.5922330097087378,0.5648148148148148,0.5419590502739594
Bi-LSTM,0.6862745098039216,0.7096774193548387,0.6407766990291263,0.673469387755102,0.7228684033451889
Bi-LSTM + Attention,0.6911764705882353,0.7325581395348837,0.6116504854368932,0.6666666666666666,0.7241180428722483
