Model,Accuracy,Precision,Recall,F1-Score,AUC
Logistic Regression,0.5984251968503937,0.8552631578947368,0.25193798449612403,0.38922155688622756,0.7287248062015503
SVM,0.5964566929133859,0.9732142857142857,0.21124031007751937,0.3471337579617834,0.7270213178294573
KNN,0.7362204724409449,0.7870370370370371,0.6589147286821705,0.7172995780590717,0.8167538759689922
Random Forest,0.7637795275590551,0.8920454545454546,0.6085271317829457,0.7235023041474654,0.815265503875969
Decision Tree,0.764763779527559,0.9261538461538461,0.5833333333333334,0.7158145065398336,0.7922693798449612
Naive Bayes,0.5974409448818898,0.8848920863309353,0.23837209302325582,0.3755725190839695,0.5585600775193799
