Model,Accuracy,Precision,Recall,F1-Score,AUC
Logistic Regression,0.5833333333333334,1.0,0.18269230769230768,0.3089430894308943,0.7380769230769231
SVM,0.5784313725490197,1.0,0.17307692307692307,0.29508196721311475,0.7378846153846155
KNN,0.6813725490196079,0.7294117647058823,0.5961538461538461,0.656084656084656,0.731923076923077
Random Forest,0.6666666666666666,0.7142857142857143,0.5769230769230769,0.6382978723404256,0.7340384615384615
Decision Tree,0.6862745098039216,0.7222222222222222,0.625,0.6701030927835051,0.6954326923076923
Naive Bayes,0.5735294117647058,0.9047619047619048,0.18269230769230768,0.304,0.6264903846153846
