Model,Accuracy,Precision,Recall,F1-Score,AUC
LSTM,0.5490196078431373,0.5604395604395604,0.49514563106796117,0.5257731958762887,0.5814188214937999
Bi-LSTM,0.696078431372549,0.9767441860465116,0.4077669902912621,0.5753424657534246,0.790397000865135
Bi-LSTM + Attention,0.6911764705882353,1.0,0.3883495145631068,0.5594405594405595,0.6726905700278765
